{
    "info": {
        "year": "2021",
        "version": "1",
        "description": "Exported from roboflow.ai",
        "contributor": "",
        "url": "https://public.roboflow.ai/object-detection/undefined",
        "date_created": "2021-12-01T22:01:47+00:00"
    },
    "licenses": [
        {
            "id": 1,
            "url": "https://creativecommons.org/licenses/by/4.0/",
            "name": "CC BY 4.0"
        }
    ],
    "categories": [
        {
            "id": 0,
            "name": "plushies",
            "supercategory": "none"
        },
        {
            "id": 1,
            "name": "avocado_box",
            "supercategory": "plushies"
        },
        {
            "id": 2,
            "name": "cava_box",
            "supercategory": "plushies"
        }
    ],
    "images": [
        {
            "id": 0,
            "license": 1,
            "file_name": "IMG_1363_png.rf.1f7a919dd77b2b21f7a7c7fc92ef9000.jpg",
            "height": 416,
            "width": 416,
            "date_captured": "2021-12-01T22:01:47+00:00"
        },
        {
            "id": 1,
            "license": 1,
            "file_name": "IMG_1396_png.rf.0d66efc2c49ca32b4ae8d97eb3d5b891.jpg",
            "height": 416,
            "width": 416,
            "date_captured": "2021-12-01T22:01:47+00:00"
        },
        {
            "id": 2,
            "license": 1,
            "file_name": "IMG_1350_png.rf.20039f9c09331b21ee784ddc1b4dd2a1.jpg",
            "height": 416,
            "width": 416,
            "date_captured": "2021-12-01T22:01:47+00:00"
        },
        {
            "id": 3,
            "license": 1,
            "file_name": "IMG_1347_png.rf.1667b4916361d9613cdde965b4fd31b7.jpg",
            "height": 416,
            "width": 416,
            "date_captured": "2021-12-01T22:01:47+00:00"
        },
        {
            "id": 4,
            "license": 1,
            "file_name": "IMG_1336_png.rf.284b1ee6a6c84012e9c7fad7e0d48f53.jpg",
            "height": 416,
            "width": 416,
            "date_captured": "2021-12-01T22:01:47+00:00"
        },
        {
            "id": 5,
            "license": 1,
            "file_name": "IMG_1365_png.rf.27152eb1a769d016dc8bff72ac5955a5.jpg",
            "height": 416,
            "width": 416,
            "date_captured": "2021-12-01T22:01:47+00:00"
        },
        {
            "id": 6,
            "license": 1,
            "file_name": "IMG_1417_png.rf.23029d616e85796d0b852577374a61a7.jpg",
            "height": 416,
            "width": 416,
            "date_captured": "2021-12-01T22:01:47+00:00"
        },
        {
            "id": 7,
            "license": 1,
            "file_name": "IMG_1333_png.rf.0b8d6817f79c423de59727e22e57f458.jpg",
            "height": 416,
            "width": 416,
            "date_captured": "2021-12-01T22:01:47+00:00"
        },
        {
            "id": 8,
            "license": 1,
            "file_name": "IMG_1334_png.rf.055a54142c80f7f07a0a5a51baa975df.jpg",
            "height": 416,
            "width": 416,
            "date_captured": "2021-12-01T22:01:47+00:00"
        },
        {
            "id": 9,
            "license": 1,
            "file_name": "IMG_1380_png.rf.155690ec47222b3896856ea5bf2ed07d.jpg",
            "height": 416,
            "width": 416,
            "date_captured": "2021-12-01T22:01:47+00:00"
        },
        {
            "id": 10,
            "license": 1,
            "file_name": "IMG_1345_png.rf.253dda5b6c9887b2e424ae665de14f57.jpg",
            "height": 416,
            "width": 416,
            "date_captured": "2021-12-01T22:01:47+00:00"
        },
        {
            "id": 11,
            "license": 1,
            "file_name": "IMG_1351_png.rf.2664231409abbcfc3907091b2c8d88fd.jpg",
            "height": 416,
            "width": 416,
            "date_captured": "2021-12-01T22:01:47+00:00"
        },
        {
            "id": 12,
            "license": 1,
            "file_name": "IMG_1340_png.rf.10f2508d13d917d47390827598600d20.jpg",
            "height": 416,
            "width": 416,
            "date_captured": "2021-12-01T22:01:47+00:00"
        },
        {
            "id": 13,
            "license": 1,
            "file_name": "IMG_1343_png.rf.331d65555e62570c643e0e98490090e3.jpg",
            "height": 416,
            "width": 416,
            "date_captured": "2021-12-01T22:01:47+00:00"
        },
        {
            "id": 14,
            "license": 1,
            "file_name": "IMG_1410_png.rf.3199149c8094beb8af6734b923587ba8.jpg",
            "height": 416,
            "width": 416,
            "date_captured": "2021-12-01T22:01:47+00:00"
        },
        {
            "id": 15,
            "license": 1,
            "file_name": "IMG_1375_png.rf.004805a00d18b52e582bf2bbf13a0551.jpg",
            "height": 416,
            "width": 416,
            "date_captured": "2021-12-01T22:01:47+00:00"
        },
        {
            "id": 16,
            "license": 1,
            "file_name": "IMG_1399_png.rf.3743c5b57f8b3a1b6d246c7da7dd55f5.jpg",
            "height": 416,
            "width": 416,
            "date_captured": "2021-12-01T22:01:47+00:00"
        },
        {
            "id": 17,
            "license": 1,
            "file_name": "IMG_1322_png.rf.29832854bd71c06745d6768c687e9cfa.jpg",
            "height": 416,
            "width": 416,
            "date_captured": "2021-12-01T22:01:47+00:00"
        },
        {
            "id": 18,
            "license": 1,
            "file_name": "IMG_1330_png.rf.3dcbed468f2447d2d3e9435ff79c7c1d.jpg",
            "height": 416,
            "width": 416,
            "date_captured": "2021-12-01T22:01:47+00:00"
        },
        {
            "id": 19,
            "license": 1,
            "file_name": "IMG_1400_png.rf.3f35831570b92dad93fcba7d81f44edd.jpg",
            "height": 416,
            "width": 416,
            "date_captured": "2021-12-01T22:01:47+00:00"
        },
        {
            "id": 20,
            "license": 1,
            "file_name": "IMG_1382_png.rf.02bf830b65453d3eb01b31c38ec1e027.jpg",
            "height": 416,
            "width": 416,
            "date_captured": "2021-12-01T22:01:47+00:00"
        },
        {
            "id": 21,
            "license": 1,
            "file_name": "IMG_1337_png.rf.696ef1b1a5728218e232e4107e21c90d.jpg",
            "height": 416,
            "width": 416,
            "date_captured": "2021-12-01T22:01:47+00:00"
        },
        {
            "id": 22,
            "license": 1,
            "file_name": "IMG_1352_png.rf.4411a87b6987e4a25964897ffbbbba5a.jpg",
            "height": 416,
            "width": 416,
            "date_captured": "2021-12-01T22:01:47+00:00"
        },
        {
            "id": 23,
            "license": 1,
            "file_name": "IMG_1378_png.rf.392e982e14d4874161e0e2070ec0c55d.jpg",
            "height": 416,
            "width": 416,
            "date_captured": "2021-12-01T22:01:47+00:00"
        },
        {
            "id": 24,
            "license": 1,
            "file_name": "IMG_1323_png.rf.32c7e5f3404801850cf52bfcbbcca475.jpg",
            "height": 416,
            "width": 416,
            "date_captured": "2021-12-01T22:01:47+00:00"
        },
        {
            "id": 25,
            "license": 1,
            "file_name": "IMG_1356_png.rf.353107bbb9e08ec39b54c32ae494ba2c.jpg",
            "height": 416,
            "width": 416,
            "date_captured": "2021-12-01T22:01:47+00:00"
        },
        {
            "id": 26,
            "license": 1,
            "file_name": "IMG_1408_png.rf.4ab2c172dbeb2cd99eb5f5fa17de6aeb.jpg",
            "height": 416,
            "width": 416,
            "date_captured": "2021-12-01T22:01:47+00:00"
        },
        {
            "id": 27,
            "license": 1,
            "file_name": "IMG_1383_png.rf.6a8217ca048473a0db00c2f22e29d580.jpg",
            "height": 416,
            "width": 416,
            "date_captured": "2021-12-01T22:01:47+00:00"
        },
        {
            "id": 28,
            "license": 1,
            "file_name": "IMG_1366_png.rf.54d10c104fd61ed8e5236550bff41f37.jpg",
            "height": 416,
            "width": 416,
            "date_captured": "2021-12-01T22:01:47+00:00"
        },
        {
            "id": 29,
            "license": 1,
            "file_name": "IMG_1327_png.rf.7b050e65e464a0f090c36e27131572a0.jpg",
            "height": 416,
            "width": 416,
            "date_captured": "2021-12-01T22:01:47+00:00"
        },
        {
            "id": 30,
            "license": 1,
            "file_name": "IMG_1405_png.rf.890b5f64810edc69ed1e4b1a1c333abf.jpg",
            "height": 416,
            "width": 416,
            "date_captured": "2021-12-01T22:01:47+00:00"
        },
        {
            "id": 31,
            "license": 1,
            "file_name": "IMG_1413_png.rf.710c3840d54718fe39e8c4d4b04e443f.jpg",
            "height": 416,
            "width": 416,
            "date_captured": "2021-12-01T22:01:47+00:00"
        },
        {
            "id": 32,
            "license": 1,
            "file_name": "IMG_1411_png.rf.53f6c9612c2c81429a039600e64e92d2.jpg",
            "height": 416,
            "width": 416,
            "date_captured": "2021-12-01T22:01:47+00:00"
        },
        {
            "id": 33,
            "license": 1,
            "file_name": "IMG_1392_png.rf.7aecf6a0033ca85f2715ed0e64c4e2d4.jpg",
            "height": 416,
            "width": 416,
            "date_captured": "2021-12-01T22:01:47+00:00"
        },
        {
            "id": 34,
            "license": 1,
            "file_name": "IMG_1325_png.rf.65beec73eeb863ca05a49d1734b6c978.jpg",
            "height": 416,
            "width": 416,
            "date_captured": "2021-12-01T22:01:47+00:00"
        },
        {
            "id": 35,
            "license": 1,
            "file_name": "IMG_1357_png.rf.659ea917885e4052678a8016437e5eaa.jpg",
            "height": 416,
            "width": 416,
            "date_captured": "2021-12-01T22:01:47+00:00"
        },
        {
            "id": 36,
            "license": 1,
            "file_name": "IMG_1362_png.rf.5aac6f5d1cd2bf371973e4f13f59740b.jpg",
            "height": 416,
            "width": 416,
            "date_captured": "2021-12-01T22:01:47+00:00"
        },
        {
            "id": 37,
            "license": 1,
            "file_name": "IMG_1393_png.rf.7f1dfe0ff056bd2fb81b89aedabf2b10.jpg",
            "height": 416,
            "width": 416,
            "date_captured": "2021-12-01T22:01:47+00:00"
        },
        {
            "id": 38,
            "license": 1,
            "file_name": "IMG_1385_png.rf.90a52ac813cde7a38901e0a4d82961ab.jpg",
            "height": 416,
            "width": 416,
            "date_captured": "2021-12-01T22:01:47+00:00"
        },
        {
            "id": 39,
            "license": 1,
            "file_name": "IMG_1346_png.rf.9950ba95eacb9df0d911bd0bf1233e06.jpg",
            "height": 416,
            "width": 416,
            "date_captured": "2021-12-01T22:01:47+00:00"
        },
        {
            "id": 40,
            "license": 1,
            "file_name": "IMG_1394_png.rf.42db094612b106bf32f46655b6c17334.jpg",
            "height": 416,
            "width": 416,
            "date_captured": "2021-12-01T22:01:47+00:00"
        },
        {
            "id": 41,
            "license": 1,
            "file_name": "IMG_1324_png.rf.abbca0f693a00bbe6e1ce3dc8eb9ce9c.jpg",
            "height": 416,
            "width": 416,
            "date_captured": "2021-12-01T22:01:47+00:00"
        },
        {
            "id": 42,
            "license": 1,
            "file_name": "IMG_1386_png.rf.a1c753c00df277f092e790efd401c41b.jpg",
            "height": 416,
            "width": 416,
            "date_captured": "2021-12-01T22:01:47+00:00"
        },
        {
            "id": 43,
            "license": 1,
            "file_name": "IMG_1339_png.rf.9aa80237cb11e53f2218a043a2b595fa.jpg",
            "height": 416,
            "width": 416,
            "date_captured": "2021-12-01T22:01:47+00:00"
        },
        {
            "id": 44,
            "license": 1,
            "file_name": "IMG_1388_png.rf.7ee0b4f5b9e597d30f625e51a32c51d2.jpg",
            "height": 416,
            "width": 416,
            "date_captured": "2021-12-01T22:01:47+00:00"
        },
        {
            "id": 45,
            "license": 1,
            "file_name": "IMG_1381_png.rf.66400972ff8ab2517b5ae58e6d72bf75.jpg",
            "height": 416,
            "width": 416,
            "date_captured": "2021-12-01T22:01:47+00:00"
        },
        {
            "id": 46,
            "license": 1,
            "file_name": "IMG_1373_png.rf.a6da61717d026a2f0e863251375a2f83.jpg",
            "height": 416,
            "width": 416,
            "date_captured": "2021-12-01T22:01:47+00:00"
        },
        {
            "id": 47,
            "license": 1,
            "file_name": "IMG_1418_png.rf.caaa0b26651cb9cf490d52ce71890c4f.jpg",
            "height": 416,
            "width": 416,
            "date_captured": "2021-12-01T22:01:47+00:00"
        },
        {
            "id": 48,
            "license": 1,
            "file_name": "IMG_1348_png.rf.89511859c773cd43ae09301d2a660e8c.jpg",
            "height": 416,
            "width": 416,
            "date_captured": "2021-12-01T22:01:47+00:00"
        },
        {
            "id": 49,
            "license": 1,
            "file_name": "IMG_1390_png.rf.85ed5b099638ac3739b06b319c3b7d12.jpg",
            "height": 416,
            "width": 416,
            "date_captured": "2021-12-01T22:01:47+00:00"
        },
        {
            "id": 50,
            "license": 1,
            "file_name": "IMG_1353_png.rf.d5d310f9f0c161adb376ac2d1e6bb076.jpg",
            "height": 416,
            "width": 416,
            "date_captured": "2021-12-01T22:01:47+00:00"
        },
        {
            "id": 51,
            "license": 1,
            "file_name": "IMG_1342_png.rf.77df8feb0127de51638ac613621bf48e.jpg",
            "height": 416,
            "width": 416,
            "date_captured": "2021-12-01T22:01:47+00:00"
        },
        {
            "id": 52,
            "license": 1,
            "file_name": "IMG_1387_png.rf.cdf3c9df471d6cf0247bc9269f7a5b38.jpg",
            "height": 416,
            "width": 416,
            "date_captured": "2021-12-01T22:01:47+00:00"
        },
        {
            "id": 53,
            "license": 1,
            "file_name": "IMG_1355_png.rf.d91100697c58fb2c023896b284db2e15.jpg",
            "height": 416,
            "width": 416,
            "date_captured": "2021-12-01T22:01:47+00:00"
        },
        {
            "id": 54,
            "license": 1,
            "file_name": "IMG_1332_png.rf.ccba3aa72c4c11a800bfe355606b443d.jpg",
            "height": 416,
            "width": 416,
            "date_captured": "2021-12-01T22:01:47+00:00"
        },
        {
            "id": 55,
            "license": 1,
            "file_name": "IMG_1419_png.rf.d1d8c5b1b66eca5998418ee7c48c6f85.jpg",
            "height": 416,
            "width": 416,
            "date_captured": "2021-12-01T22:01:47+00:00"
        },
        {
            "id": 56,
            "license": 1,
            "file_name": "IMG_1354_png.rf.d995f489b4f23853c81e9b750dd567d2.jpg",
            "height": 416,
            "width": 416,
            "date_captured": "2021-12-01T22:01:47+00:00"
        },
        {
            "id": 57,
            "license": 1,
            "file_name": "IMG_1374_png.rf.d6c37fdbf58e81fbd25358a62da052fc.jpg",
            "height": 416,
            "width": 416,
            "date_captured": "2021-12-01T22:01:47+00:00"
        },
        {
            "id": 58,
            "license": 1,
            "file_name": "IMG_1401_png.rf.e394044f28449833cf9e3015abb4b028.jpg",
            "height": 416,
            "width": 416,
            "date_captured": "2021-12-01T22:01:47+00:00"
        },
        {
            "id": 59,
            "license": 1,
            "file_name": "IMG_1368_png.rf.b82a4ba80be553d4fb0bdeba94ceca36.jpg",
            "height": 416,
            "width": 416,
            "date_captured": "2021-12-01T22:01:47+00:00"
        },
        {
            "id": 60,
            "license": 1,
            "file_name": "IMG_1397_png.rf.d45e63e10a23a50d6d3c178324102025.jpg",
            "height": 416,
            "width": 416,
            "date_captured": "2021-12-01T22:01:47+00:00"
        },
        {
            "id": 61,
            "license": 1,
            "file_name": "IMG_1349_png.rf.c2554edcc12ad5b7ded1c36a80e1933a.jpg",
            "height": 416,
            "width": 416,
            "date_captured": "2021-12-01T22:01:47+00:00"
        },
        {
            "id": 62,
            "license": 1,
            "file_name": "IMG_1412_png.rf.f361b65105a5c370d58120383cf2081d.jpg",
            "height": 416,
            "width": 416,
            "date_captured": "2021-12-01T22:01:47+00:00"
        },
        {
            "id": 63,
            "license": 1,
            "file_name": "IMG_1372_png.rf.ed0ba745c20971e3cf4b85f15e01534d.jpg",
            "height": 416,
            "width": 416,
            "date_captured": "2021-12-01T22:01:47+00:00"
        },
        {
            "id": 64,
            "license": 1,
            "file_name": "IMG_1384_png.rf.e875969ea01cd6382959ab877579df71.jpg",
            "height": 416,
            "width": 416,
            "date_captured": "2021-12-01T22:01:47+00:00"
        },
        {
            "id": 65,
            "license": 1,
            "file_name": "IMG_1370_png.rf.f330e8b37e49879afc8c4b397f71c7bc.jpg",
            "height": 416,
            "width": 416,
            "date_captured": "2021-12-01T22:01:47+00:00"
        },
        {
            "id": 66,
            "license": 1,
            "file_name": "IMG_1331_png.rf.e0168b99ab2a564779ee81f407d64a2b.jpg",
            "height": 416,
            "width": 416,
            "date_captured": "2021-12-01T22:01:47+00:00"
        },
        {
            "id": 67,
            "license": 1,
            "file_name": "IMG_1377_png.rf.e7aa66dfe04471800cfa210329a654a0.jpg",
            "height": 416,
            "width": 416,
            "date_captured": "2021-12-01T22:01:47+00:00"
        },
        {
            "id": 68,
            "license": 1,
            "file_name": "IMG_1361_png.rf.dfb28645de3b91feebe6840db714814e.jpg",
            "height": 416,
            "width": 416,
            "date_captured": "2021-12-01T22:01:47+00:00"
        },
        {
            "id": 69,
            "license": 1,
            "file_name": "IMG_1364_png.rf.fe59310e275bb0f0b5c7888323ff01d1.jpg",
            "height": 416,
            "width": 416,
            "date_captured": "2021-12-01T22:01:47+00:00"
        },
        {
            "id": 70,
            "license": 1,
            "file_name": "IMG_1335_png.rf.ef2f542487d41c40ae37df5c407425ea.jpg",
            "height": 416,
            "width": 416,
            "date_captured": "2021-12-01T22:01:47+00:00"
        },
        {
            "id": 71,
            "license": 1,
            "file_name": "IMG_1338_png.rf.d2172290de0960c5cde3fe93a2f5b7cc.jpg",
            "height": 416,
            "width": 416,
            "date_captured": "2021-12-01T22:01:47+00:00"
        },
        {
            "id": 72,
            "license": 1,
            "file_name": "IMG_1376_png.rf.f40ea09e92078487dcec5b38b47fde23.jpg",
            "height": 416,
            "width": 416,
            "date_captured": "2021-12-01T22:01:47+00:00"
        },
        {
            "id": 73,
            "license": 1,
            "file_name": "IMG_1415_png.rf.c543f3c3f80af402d9a6bbe751afc362.jpg",
            "height": 416,
            "width": 416,
            "date_captured": "2021-12-01T22:01:47+00:00"
        },
        {
            "id": 74,
            "license": 1,
            "file_name": "IMG_1326_png.rf.eae7e8dddd0a12fac84fd975bb290b76.jpg",
            "height": 416,
            "width": 416,
            "date_captured": "2021-12-01T22:01:47+00:00"
        },
        {
            "id": 75,
            "license": 1,
            "file_name": "IMG_1402_png.rf.ff87e7575a82fe647fa360f849fc7f4c.jpg",
            "height": 416,
            "width": 416,
            "date_captured": "2021-12-01T22:01:47+00:00"
        }
    ],
    "annotations": [
        {
            "id": 0,
            "image_id": 0,
            "category_id": 1,
            "bbox": [
                90,
                150,
                229.5,
                259
            ],
            "area": 59440.5,
            "segmentation": [],
            "iscrowd": 0
        },
        {
            "id": 1,
            "image_id": 1,
            "category_id": 1,
            "bbox": [
                167,
                126,
                172.5,
                151.5
            ],
            "area": 26133.75,
            "segmentation": [],
            "iscrowd": 0
        },
        {
            "id": 2,
            "image_id": 2,
            "category_id": 1,
            "bbox": [
                73,
                219,
                140,
                148.5
            ],
            "area": 20790,
            "segmentation": [],
            "iscrowd": 0
        },
        {
            "id": 3,
            "image_id": 3,
            "category_id": 2,
            "bbox": [
                98,
                141,
                204,
                119.5
            ],
            "area": 24378,
            "segmentation": [],
            "iscrowd": 0
        },
        {
            "id": 4,
            "image_id": 4,
            "category_id": 1,
            "bbox": [
                192,
                208,
                112,
                111
            ],
            "area": 12432,
            "segmentation": [],
            "iscrowd": 0
        },
        {
            "id": 5,
            "image_id": 5,
            "category_id": 1,
            "bbox": [
                82,
                150,
                224.5,
                260.5
            ],
            "area": 58482.25,
            "segmentation": [],
            "iscrowd": 0
        },
        {
            "id": 6,
            "image_id": 6,
            "category_id": 1,
            "bbox": [
                162,
                161,
                153,
                174
            ],
            "area": 26622,
            "segmentation": [],
            "iscrowd": 0
        },
        {
            "id": 7,
            "image_id": 7,
            "category_id": 1,
            "bbox": [
                67,
                55,
                259,
                282
            ],
            "area": 73038,
            "segmentation": [],
            "iscrowd": 0
        },
        {
            "id": 8,
            "image_id": 8,
            "category_id": 2,
            "bbox": [
                75,
                235,
                275.5,
                152
            ],
            "area": 41876,
            "segmentation": [],
            "iscrowd": 0
        },
        {
            "id": 9,
            "image_id": 9,
            "category_id": 1,
            "bbox": [
                106,
                131,
                202.5,
                193
            ],
            "area": 39082.5,
            "segmentation": [],
            "iscrowd": 0
        },
        {
            "id": 10,
            "image_id": 10,
            "category_id": 2,
            "bbox": [
                52,
                161,
                309,
                161.5
            ],
            "area": 49903.5,
            "segmentation": [],
            "iscrowd": 0
        },
        {
            "id": 11,
            "image_id": 11,
            "category_id": 2,
            "bbox": [
                78,
                190,
                235,
                113
            ],
            "area": 26555,
            "segmentation": [],
            "iscrowd": 0
        },
        {
            "id": 12,
            "image_id": 12,
            "category_id": 2,
            "bbox": [
                141,
                225,
                199,
                105
            ],
            "area": 20895,
            "segmentation": [],
            "iscrowd": 0
        },
        {
            "id": 13,
            "image_id": 13,
            "category_id": 2,
            "bbox": [
                60,
                124,
                281,
                191.5
            ],
            "area": 53811.5,
            "segmentation": [],
            "iscrowd": 0
        },
        {
            "id": 14,
            "image_id": 14,
            "category_id": 2,
            "bbox": [
                104,
                144,
                233,
                127.5
            ],
            "area": 29707.5,
            "segmentation": [],
            "iscrowd": 0
        },
        {
            "id": 15,
            "image_id": 15,
            "category_id": 2,
            "bbox": [
                151,
                168,
                182,
                122.5
            ],
            "area": 22295,
            "segmentation": [],
            "iscrowd": 0
        },
        {
            "id": 16,
            "image_id": 16,
            "category_id": 2,
            "bbox": [
                100,
                133,
                230,
                141
            ],
            "area": 32430,
            "segmentation": [],
            "iscrowd": 0
        },
        {
            "id": 17,
            "image_id": 17,
            "category_id": 2,
            "bbox": [
                50,
                141,
                340,
                127.5
            ],
            "area": 43350,
            "segmentation": [],
            "iscrowd": 0
        },
        {
            "id": 18,
            "image_id": 18,
            "category_id": 1,
            "bbox": [
                83,
                133,
                211.5,
                232
            ],
            "area": 49068,
            "segmentation": [],
            "iscrowd": 0
        },
        {
            "id": 19,
            "image_id": 19,
            "category_id": 1,
            "bbox": [
                109,
                114,
                195,
                204
            ],
            "area": 39780,
            "segmentation": [],
            "iscrowd": 0
        },
        {
            "id": 20,
            "image_id": 20,
            "category_id": 2,
            "bbox": [
                82,
                142,
                333.5,
                126.5
            ],
            "area": 42187.75,
            "segmentation": [],
            "iscrowd": 0
        },
        {
            "id": 21,
            "image_id": 21,
            "category_id": 2,
            "bbox": [
                77,
                155,
                238.5,
                142.5
            ],
            "area": 33986.25,
            "segmentation": [],
            "iscrowd": 0
        },
        {
            "id": 22,
            "image_id": 22,
            "category_id": 2,
            "bbox": [
                48,
                128,
                220.5,
                101
            ],
            "area": 22270.5,
            "segmentation": [],
            "iscrowd": 0
        },
        {
            "id": 23,
            "image_id": 23,
            "category_id": 1,
            "bbox": [
                147,
                167,
                123,
                120
            ],
            "area": 14760,
            "segmentation": [],
            "iscrowd": 0
        },
        {
            "id": 24,
            "image_id": 24,
            "category_id": 2,
            "bbox": [
                55,
                148,
                264,
                118
            ],
            "area": 31152,
            "segmentation": [],
            "iscrowd": 0
        },
        {
            "id": 25,
            "image_id": 25,
            "category_id": 1,
            "bbox": [
                86,
                105,
                229,
                238.5
            ],
            "area": 54616.5,
            "segmentation": [],
            "iscrowd": 0
        },
        {
            "id": 26,
            "image_id": 26,
            "category_id": 1,
            "bbox": [
                125,
                137,
                167,
                168.5
            ],
            "area": 28139.5,
            "segmentation": [],
            "iscrowd": 0
        },
        {
            "id": 27,
            "image_id": 27,
            "category_id": 2,
            "bbox": [
                110,
                138,
                267.5,
                118.5
            ],
            "area": 31698.75,
            "segmentation": [],
            "iscrowd": 0
        },
        {
            "id": 28,
            "image_id": 28,
            "category_id": 2,
            "bbox": [
                22,
                74,
                390.5,
                257
            ],
            "area": 100358.5,
            "segmentation": [],
            "iscrowd": 0
        },
        {
            "id": 29,
            "image_id": 29,
            "category_id": 1,
            "bbox": [
                126,
                119,
                152.5,
                165.5
            ],
            "area": 25238.75,
            "segmentation": [],
            "iscrowd": 0
        },
        {
            "id": 30,
            "image_id": 30,
            "category_id": 2,
            "bbox": [
                80,
                123,
                298,
                158
            ],
            "area": 47084,
            "segmentation": [],
            "iscrowd": 0
        },
        {
            "id": 31,
            "image_id": 31,
            "category_id": 2,
            "bbox": [
                93,
                119,
                205.5,
                124
            ],
            "area": 25482,
            "segmentation": [],
            "iscrowd": 0
        },
        {
            "id": 32,
            "image_id": 32,
            "category_id": 1,
            "bbox": [
                126,
                163,
                178.5,
                197
            ],
            "area": 35164.5,
            "segmentation": [],
            "iscrowd": 0
        },
        {
            "id": 33,
            "image_id": 33,
            "category_id": 2,
            "bbox": [
                126,
                132,
                195,
                111.5
            ],
            "area": 21742.5,
            "segmentation": [],
            "iscrowd": 0
        },
        {
            "id": 34,
            "image_id": 34,
            "category_id": 2,
            "bbox": [
                64,
                146,
                235,
                100.5
            ],
            "area": 23617.5,
            "segmentation": [],
            "iscrowd": 0
        },
        {
            "id": 35,
            "image_id": 35,
            "category_id": 2,
            "bbox": [
                126,
                208,
                204,
                207
            ],
            "area": 42228,
            "segmentation": [],
            "iscrowd": 0
        },
        {
            "id": 36,
            "image_id": 36,
            "category_id": 2,
            "bbox": [
                53,
                203,
                279,
                167
            ],
            "area": 46593,
            "segmentation": [],
            "iscrowd": 0
        },
        {
            "id": 37,
            "image_id": 37,
            "category_id": 2,
            "bbox": [
                103,
                128,
                244,
                146.5
            ],
            "area": 35746,
            "segmentation": [],
            "iscrowd": 0
        },
        {
            "id": 38,
            "image_id": 38,
            "category_id": 2,
            "bbox": [
                77,
                130,
                266.5,
                154
            ],
            "area": 41041,
            "segmentation": [],
            "iscrowd": 0
        },
        {
            "id": 39,
            "image_id": 39,
            "category_id": 1,
            "bbox": [
                221,
                204,
                136,
                150
            ],
            "area": 20400,
            "segmentation": [],
            "iscrowd": 0
        },
        {
            "id": 40,
            "image_id": 40,
            "category_id": 2,
            "bbox": [
                80,
                108,
                277.5,
                200
            ],
            "area": 55500,
            "segmentation": [],
            "iscrowd": 0
        },
        {
            "id": 41,
            "image_id": 41,
            "category_id": 1,
            "bbox": [
                126,
                117,
                162.5,
                182
            ],
            "area": 29575,
            "segmentation": [],
            "iscrowd": 0
        },
        {
            "id": 42,
            "image_id": 42,
            "category_id": 2,
            "bbox": [
                118,
                145,
                230,
                151
            ],
            "area": 34730,
            "segmentation": [],
            "iscrowd": 0
        },
        {
            "id": 43,
            "image_id": 43,
            "category_id": 2,
            "bbox": [
                196,
                157,
                215,
                117.5
            ],
            "area": 25262.5,
            "segmentation": [],
            "iscrowd": 0
        },
        {
            "id": 44,
            "image_id": 44,
            "category_id": 2,
            "bbox": [
                28,
                153,
                364.5,
                141
            ],
            "area": 51394.5,
            "segmentation": [],
            "iscrowd": 0
        },
        {
            "id": 45,
            "image_id": 45,
            "category_id": 1,
            "bbox": [
                133,
                150,
                180,
                191
            ],
            "area": 34380,
            "segmentation": [],
            "iscrowd": 0
        },
        {
            "id": 46,
            "image_id": 46,
            "category_id": 1,
            "bbox": [
                168,
                195,
                164,
                168.5
            ],
            "area": 27634,
            "segmentation": [],
            "iscrowd": 0
        },
        {
            "id": 47,
            "image_id": 47,
            "category_id": 1,
            "bbox": [
                152,
                206,
                156.5,
                172.5
            ],
            "area": 26996.25,
            "segmentation": [],
            "iscrowd": 0
        },
        {
            "id": 48,
            "image_id": 48,
            "category_id": 1,
            "bbox": [
                68,
                187,
                136.5,
                133.5
            ],
            "area": 18222.75,
            "segmentation": [],
            "iscrowd": 0
        },
        {
            "id": 49,
            "image_id": 49,
            "category_id": 1,
            "bbox": [
                117,
                190,
                162.5,
                185
            ],
            "area": 30062.5,
            "segmentation": [],
            "iscrowd": 0
        },
        {
            "id": 50,
            "image_id": 50,
            "category_id": 2,
            "bbox": [
                54,
                155,
                259,
                148.5
            ],
            "area": 38461.5,
            "segmentation": [],
            "iscrowd": 0
        },
        {
            "id": 51,
            "image_id": 51,
            "category_id": 1,
            "bbox": [
                32,
                88,
                205.5,
                233
            ],
            "area": 47881.5,
            "segmentation": [],
            "iscrowd": 0
        },
        {
            "id": 52,
            "image_id": 52,
            "category_id": 1,
            "bbox": [
                189,
                129,
                163.5,
                168
            ],
            "area": 27468,
            "segmentation": [],
            "iscrowd": 0
        },
        {
            "id": 53,
            "image_id": 53,
            "category_id": 2,
            "bbox": [
                70,
                216,
                308,
                153.5
            ],
            "area": 47278,
            "segmentation": [],
            "iscrowd": 0
        },
        {
            "id": 54,
            "image_id": 54,
            "category_id": 1,
            "bbox": [
                121,
                154,
                141.5,
                146
            ],
            "area": 20659,
            "segmentation": [],
            "iscrowd": 0
        },
        {
            "id": 55,
            "image_id": 55,
            "category_id": 2,
            "bbox": [
                193,
                184,
                204.5,
                168.5
            ],
            "area": 34458.25,
            "segmentation": [],
            "iscrowd": 0
        },
        {
            "id": 56,
            "image_id": 55,
            "category_id": 1,
            "bbox": [
                0,
                146,
                220,
                249
            ],
            "area": 54780,
            "segmentation": [],
            "iscrowd": 0
        },
        {
            "id": 57,
            "image_id": 56,
            "category_id": 1,
            "bbox": [
                102,
                96,
                189,
                222.5
            ],
            "area": 42052.5,
            "segmentation": [],
            "iscrowd": 0
        },
        {
            "id": 58,
            "image_id": 57,
            "category_id": 2,
            "bbox": [
                87,
                222,
                231.5,
                111.5
            ],
            "area": 25812.25,
            "segmentation": [],
            "iscrowd": 0
        },
        {
            "id": 59,
            "image_id": 58,
            "category_id": 2,
            "bbox": [
                96,
                155,
                248.5,
                157
            ],
            "area": 39014.5,
            "segmentation": [],
            "iscrowd": 0
        },
        {
            "id": 60,
            "image_id": 59,
            "category_id": 1,
            "bbox": [
                62,
                153,
                209.5,
                245.5
            ],
            "area": 51432.25,
            "segmentation": [],
            "iscrowd": 0
        },
        {
            "id": 61,
            "image_id": 60,
            "category_id": 1,
            "bbox": [
                152,
                82,
                198.5,
                216
            ],
            "area": 42876,
            "segmentation": [],
            "iscrowd": 0
        },
        {
            "id": 62,
            "image_id": 61,
            "category_id": 1,
            "bbox": [
                163,
                115,
                195,
                229.5
            ],
            "area": 44752.5,
            "segmentation": [],
            "iscrowd": 0
        },
        {
            "id": 63,
            "image_id": 62,
            "category_id": 1,
            "bbox": [
                114,
                174,
                154,
                162.5
            ],
            "area": 25025,
            "segmentation": [],
            "iscrowd": 0
        },
        {
            "id": 64,
            "image_id": 63,
            "category_id": 2,
            "bbox": [
                167,
                201,
                186,
                137.5
            ],
            "area": 25575,
            "segmentation": [],
            "iscrowd": 0
        },
        {
            "id": 65,
            "image_id": 64,
            "category_id": 2,
            "bbox": [
                140,
                152,
                261,
                143
            ],
            "area": 37323,
            "segmentation": [],
            "iscrowd": 0
        },
        {
            "id": 66,
            "image_id": 65,
            "category_id": 1,
            "bbox": [
                113,
                150,
                171,
                179
            ],
            "area": 30609,
            "segmentation": [],
            "iscrowd": 0
        },
        {
            "id": 67,
            "image_id": 66,
            "category_id": 2,
            "bbox": [
                85,
                108,
                274,
                275.5
            ],
            "area": 75487,
            "segmentation": [],
            "iscrowd": 0
        },
        {
            "id": 68,
            "image_id": 67,
            "category_id": 1,
            "bbox": [
                80,
                99,
                275,
                259
            ],
            "area": 71225,
            "segmentation": [],
            "iscrowd": 0
        },
        {
            "id": 69,
            "image_id": 68,
            "category_id": 2,
            "bbox": [
                29,
                182,
                375.5,
                210.5
            ],
            "area": 79042.75,
            "segmentation": [],
            "iscrowd": 0
        },
        {
            "id": 70,
            "image_id": 69,
            "category_id": 2,
            "bbox": [
                200,
                269,
                88.5,
                104
            ],
            "area": 9204,
            "segmentation": [],
            "iscrowd": 0
        },
        {
            "id": 71,
            "image_id": 69,
            "category_id": 1,
            "bbox": [
                47,
                277,
                78.5,
                89
            ],
            "area": 6986.5,
            "segmentation": [],
            "iscrowd": 0
        },
        {
            "id": 72,
            "image_id": 70,
            "category_id": 2,
            "bbox": [
                96,
                210,
                319,
                97
            ],
            "area": 30943,
            "segmentation": [],
            "iscrowd": 0
        },
        {
            "id": 73,
            "image_id": 71,
            "category_id": 1,
            "bbox": [
                73,
                154,
                158,
                146
            ],
            "area": 23068,
            "segmentation": [],
            "iscrowd": 0
        },
        {
            "id": 74,
            "image_id": 72,
            "category_id": 1,
            "bbox": [
                91,
                154,
                133.5,
                129
            ],
            "area": 17221.5,
            "segmentation": [],
            "iscrowd": 0
        },
        {
            "id": 75,
            "image_id": 73,
            "category_id": 2,
            "bbox": [
                108,
                176,
                200.5,
                118
            ],
            "area": 23659,
            "segmentation": [],
            "iscrowd": 0
        },
        {
            "id": 76,
            "image_id": 74,
            "category_id": 2,
            "bbox": [
                17,
                137,
                304.5,
                123.5
            ],
            "area": 37605.75,
            "segmentation": [],
            "iscrowd": 0
        },
        {
            "id": 77,
            "image_id": 75,
            "category_id": 1,
            "bbox": [
                167,
                216,
                87,
                90.5
            ],
            "area": 7873.5,
            "segmentation": [],
            "iscrowd": 0
        }
    ]
}